,City,Cloudiness,Country,Date,Humidity,lat,lng,Max Temp,Wind Speed
0,Non Sung,68,TH,1548936000,45,15.18,102.26,82.4,3.36
1,Mar del Plata,64,AR,1548938627,60,-46.43,-67.52,56.84,17.72
2,Hithadhoo,20,MV,1548938870,100,-0.6,73.08,83.66,17.72
3,Perisani,75,RO,1548936000,86,45.38,24.4,39.2,3.36
4,Cape Town,20,ZA,1548936000,47,-33.93,18.42,80.6,29.97
5,Punta Arenas,90,CL,1548936000,93,-53.16,-70.91,42.8,10.29
6,Jamestown,0,AU,1548938871,51,-33.21,138.6,65.39,12.01
7,Port Alfred,100,ZA,1548938871,100,-33.59,26.89,69.08,11.23
8,Bekwai,76,GH,1548938871,58,6.46,-1.58,89.42,3.51
9,Nago,20,IT,1548937200,75,45.88,10.89,44.6,4.7
10,Hermanus,48,ZA,1548938872,53,-34.42,19.24,76.91,9.22
11,Chokurdakh,24,RU,1548938872,0,70.62,147.9,-41.63,2.95
12,Bredasdorp,40,ZA,1548936000,48,-34.53,20.04,82.4,11.41
13,Chodavaram,56,IN,1548936000,65,17.44,81.78,78.8,9.17
14,Saskylakh,64,RU,1548938872,67,71.97,114.09,-14.72,9.78
15,Constitucion,75,MX,1548933000,33,23.99,-104.67,46.4,4.7
16,New Norfolk,20,AU,1548936000,54,-42.78,147.06,53.6,11.41
17,Burgeo,56,CA,1548938873,100,47.61,-57.61,30.47,12.8
18,Jumla,92,NP,1548938873,100,29.28,82.18,27.81,1.95
19,Uarini,75,BR,1548936000,94,-2.98,-65.16,75.2,3.36
20,Sibolga,68,ID,1548938873,99,1.74,98.78,72.59,1.5
21,Busselton,0,AU,1548938873,78,-33.64,115.35,76.28,13.69
22,Bafata,20,GW,1548938873,34,12.17,-14.67,90.95,8.43
23,Te Anau,32,NZ,1548938874,62,-45.41,167.72,66.78,20.74
24,Rikitea,80,PF,1548938874,100,-23.12,-134.97,78.08,5.3
25,Sorland,0,NO,1548937200,73,67.67,12.69,35.6,4.7
26,Albany,1,US,1548937020,45,42.65,-73.75,-2.03,9.17
27,Mount Gambier,0,AU,1548936000,71,-37.83,140.78,50.0,6.93
28,Hobart,20,AU,1548936000,54,-42.88,147.33,53.6,11.41
29,Provideniya,36,RU,1548938874,100,64.42,-173.23,14.31,21.52
30,Bambous Virieux,75,MU,1548936000,66,-20.34,57.76,84.2,12.75
31,Bafoulabe,0,ML,1548938875,24,13.81,-10.83,90.41,8.32
32,Bezhanitsy,76,RU,1548938875,97,56.97,29.88,28.71,6.98
33,Buala,80,SB,1548938875,90,-8.15,159.59,82.26,9.22
34,Narsaq,20,GL,1548935400,48,60.91,-46.05,17.6,2.24
35,Tiksi,0,RU,1548938875,0,71.64,128.87,-43.56,2.95
36,Nizwa,0,OM,1548938876,17,22.93,57.53,86.09,1.39
37,Tamandare,88,BR,1548938876,97,-8.28,-70.75,75.78,3.62
38,Tessalit,0,ML,1548938876,30,20.2,1.01,81.05,4.74
39,Barrow,0,AR,1548938876,93,-38.31,-60.23,64.31,7.09
40,Yagodnoye,68,RU,1548938876,36,62.52,149.63,-26.24,2.17
41,Kapaa,90,US,1548935760,87,22.08,-159.32,71.96,18.34
42,Ranong,40,TH,1548936000,66,9.96,98.62,84.2,5.82
43,Dikson,0,RU,1548938877,84,73.51,80.55,-18.54,5.41
44,Verkhnevilyuysk,0,RU,1548938877,0,63.45,120.31,-39.83,4.41
45,Saint-Philippe,90,CA,1548938100,59,45.36,-73.48,3.2,18.34
46,Pevek,32,RU,1548938877,85,69.7,170.27,-19.4,4.74
47,Padang,56,ID,1548938877,100,-0.92,100.36,84.2,7.43
48,Talcahuano,0,CL,1548936000,59,-36.72,-73.12,60.8,8.05
49,Pontes e Lacerda,88,BR,1548938878,88,-15.23,-59.33,76.28,3.06
50,Pitimbu,75,BR,1548936000,74,-7.47,-34.81,82.4,9.17
51,Bradford,90,GB,1548937200,92,53.79,-1.75,32.0,4.74
52,Inuvik,75,CA,1548936000,69,68.36,-133.71,-7.61,8.05
53,Atuona,12,PF,1548938878,100,-9.8,-139.03,81.32,18.95
54,Yar-Sale,0,RU,1548938878,0,66.83,70.83,-37.4,4.74
55,Vila Franca do Campo,20,PT,1548936000,82,37.72,-25.43,62.6,24.16
56,Souillac,90,FR,1548936000,93,45.6,-0.6,46.4,18.34
57,Saint George,75,GR,1548937200,47,39.45,22.34,55.4,19.46
58,Truth or Consequences,90,US,1548935580,50,33.13,-107.25,41.0,6.93
59,Williston,90,US,1548938100,84,48.15,-103.62,12.02,8.05
60,That Phanom,40,TH,1548936000,42,16.94,104.73,82.4,4.7
61,Thompson,75,CA,1548936000,64,55.74,-97.86,-41.81,2.95
62,Nanga Eboko,12,CM,1548938880,35,4.68,12.37,90.95,5.97
63,Sitka,20,US,1548938880,69,37.17,-99.65,21.83,9.1
64,Hokitika,92,NZ,1548938880,99,-42.72,170.96,63.32,6.98
65,Kamaishi,80,JP,1548938880,68,39.28,141.86,28.89,10.78
66,Ushuaia,75,AR,1548936000,75,-54.81,-68.31,44.6,3.62
67,Villefranche-de-Rouergue,92,FR,1548936000,86,44.35,2.04,39.2,12.75
68,Bubaque,48,GW,1548938880,81,11.28,-15.83,82.44,10.56
69,Ketou,0,BJ,1548938881,73,7.36,2.6,90.41,5.08
70,Tasiilaq,75,GL,1548935400,65,65.61,-37.64,6.8,3.36
71,Zhicheng,0,CN,1548938881,76,35.04,112.59,28.76,7.76
72,Qaanaaq,32,GL,1548938881,82,77.48,-69.36,-8.96,7.65
73,Los Llanos de Aridane,75,ES,1548936000,59,28.66,-17.92,64.4,14.99
74,Sokur,0,RU,1548936000,62,55.21,83.32,-14.81,6.71
75,Lagoa,40,PT,1548936000,82,37.14,-8.45,62.6,18.34
76,College,1,US,1548935880,72,64.86,-147.8,1.4,3.36
77,Wyszkow,75,PL,1548937800,97,52.59,21.46,33.8,8.05
78,Okhotsk,80,RU,1548938882,100,59.36,143.24,-8.37,8.66
79,Itubera,88,BR,1548938883,99,-13.73,-39.15,77.76,6.2
80,Ilfracombe,40,GB,1548937200,93,51.21,-4.13,39.2,16.11
81,Butembo,8,CD,1548938883,73,0.12,29.29,77.18,1.5
82,Vaini,0,IN,1548936000,32,15.34,74.49,82.4,4.7
83,Upernavik,44,GL,1548938883,100,72.79,-56.15,3.51,9.33
84,Portland,1,US,1548935580,85,45.52,-122.67,35.06,3.96
85,Zhanaozen,68,KZ,1548938883,68,43.35,52.85,36.86,13.13
86,Meulaboh,80,ID,1548938883,100,4.14,96.13,80.19,1.95
87,Bilibino,44,RU,1548938884,59,68.06,166.44,-13.14,3.06
88,Port Lincoln,0,AU,1548938884,90,-34.72,135.86,64.94,15.14
89,Mercedes,68,UY,1548938884,94,-33.25,-58.03,77.9,5.86
90,Tuktoyaktuk,76,CA,1548938884,72,69.44,-133.03,-2.07,22.53
91,Khatanga,48,RU,1548938884,52,71.98,102.47,-30.69,7.87
92,Lorengau,44,PG,1548938884,100,-2.02,147.27,80.42,6.87
93,Qinhuangdao,0,CN,1548938885,14,39.94,119.59,18.59,7.2
94,Margate,20,AU,1548936000,54,-43.03,147.26,53.6,11.41
95,Kupang,90,ID,1548936000,94,-10.16,123.6,77.0,3.36
96,Diriomo,75,NI,1548936000,83,11.87,-86.05,77.0,9.17
97,Ponta do Sol,0,BR,1548938885,55,-20.63,-46.0,81.86,5.64
98,Cabo San Lucas,5,MX,1548936720,43,22.89,-109.91,55.4,5.82
99,Brewster,1,US,1548938100,42,41.76,-70.08,8.96,24.16
100,Port Elizabeth,1,US,1548935760,40,39.31,-74.98,10.94,9.17
101,Nikolskoye,80,RU,1548936000,92,59.7,30.79,26.6,4.47
102,Xiaoshi,68,CN,1548938886,84,30.59,116.63,36.5,3.96
103,Salalah,0,OM,1548935400,69,17.01,54.1,78.8,13.87
104,Mataura,80,NZ,1548938886,48,-46.19,168.86,74.3,23.42
105,Diego de Almagro,56,CL,1548938887,74,-26.39,-70.05,65.93,3.74
106,Ketchikan,90,US,1548937920,95,55.34,-131.65,42.98,6.93
107,Presidente Dutra,76,BR,1548938887,85,-5.29,-44.49,79.88,3.62
108,Kharp,0,RU,1548938887,0,66.82,65.8,-45.77,2.39
109,Carnarvon,76,ZA,1548938887,15,-30.97,22.13,86.18,11.9
110,Omsukchan,64,RU,1548938887,33,62.53,155.8,-23.9,3.4
111,Komsomolskiy,0,RU,1548938887,0,67.55,63.78,-37.04,5.75
112,Zyryanka,56,RU,1548938888,0,65.73,150.89,-41.0,2.62
113,Luanda,75,AO,1548936000,70,-8.83,13.24,86.0,6.93
114,Kavieng,68,PG,1548938888,100,-2.57,150.8,84.69,10.78
115,Pop,90,UZ,1548936000,80,40.87,71.1,41.0,2.24
116,Mildura,0,AU,1548936000,25,-34.18,142.16,73.4,8.05
117,Bethel,90,US,1548938400,79,60.79,-161.76,19.4,4.7
118,Viedma,0,AR,1548938889,60,-40.81,-62.99,65.21,6.53
119,Cayenne,88,GF,1548937800,94,4.94,-52.33,75.2,4.7
120,Gijon,75,ES,1548936540,93,43.54,-5.66,55.4,16.11
121,Hilo,1,US,1548935580,83,19.71,-155.08,64.04,5.82
122,Vallenar,32,CL,1548938890,88,-28.58,-70.76,63.68,2.95
123,Baracoa,76,CU,1548938890,100,20.35,-74.5,75.11,11.79
124,Bluff,88,AU,1548938890,50,-23.58,149.07,81.32,14.25
125,Kahului,90,US,1548936300,90,20.89,-156.47,71.96,9.17
126,Puerto Ayora,75,EC,1548936000,83,-0.74,-90.35,78.8,9.17
127,San Quintin,24,PH,1548938890,70,17.54,120.52,71.69,3.18
128,Lesnoy,88,RU,1548938890,88,59.78,52.13,20.93,4.63
129,Kaitangata,76,NZ,1548938891,42,-46.28,169.85,69.93,6.98
130,Livingston,1,US,1548938100,95,32.58,-88.19,33.08,2.39
131,Nakhon Si Thammarat,20,TH,1548936000,78,8.43,99.96,80.6,4.7
132,Bekhtery,75,UA,1548937800,87,46.25,32.3,44.6,8.95
133,Lebu,20,ET,1548936000,19,8.96,38.73,75.2,16.11
134,Campbell River,90,CA,1548936000,100,50.02,-125.24,39.2,3.36
135,Mackenzie,90,CA,1548937560,100,55.34,-123.09,28.4,5.82
136,Mahajanga,40,MG,1548936000,74,-15.72,46.32,87.8,4.7
137,Bosaso,20,SO,1548936000,69,11.28,49.18,78.8,12.75
138,Bathsheba,20,BB,1548936000,61,13.22,-59.52,80.6,18.34
139,Hasaki,75,JP,1548937800,93,35.73,140.83,37.4,14.99
140,Bourail,32,NC,1548938892,94,-21.57,165.5,71.87,5.41
141,Nanortalik,24,GL,1548938892,100,60.14,-45.24,22.19,5.97
142,El Alto,90,BO,1548936000,93,-16.5,-68.19,39.2,6.93
143,Vardo,1,US,1548937200,39,39.62,-77.74,5.0,6.93
144,Kloulklubed,90,PW,1548935400,88,7.04,134.26,77.0,8.05
145,Garissa,8,KE,1548938893,39,-0.46,39.64,96.98,7.76
146,Kununurra,20,AU,1548936000,88,-15.77,128.74,80.6,8.05
147,Cidreira,20,BR,1548938893,92,-30.17,-50.22,85.91,3.06
148,Tuy Hoa,0,VN,1548938894,89,13.08,109.3,72.23,12.8
149,Comodoro Rivadavia,0,AR,1548936000,44,-45.87,-67.48,57.2,20.8
150,Tuatapere,0,NZ,1548938894,64,-46.13,167.69,68.99,25.1
151,Kutum,20,SD,1548938894,38,14.2,24.66,77.72,6.31
152,Mayor Pablo Lagerenza,24,PY,1548938894,63,-19.93,-60.77,82.13,10.67
153,Paris,75,FR,1548936000,80,48.86,2.35,35.6,12.75
154,Kodinsk,44,RU,1548938894,59,58.6,99.18,-13.01,7.43
155,Nome,90,US,1548936900,66,30.04,-94.42,48.02,6.93
156,Mandalgovi,0,MN,1548938895,46,45.76,106.27,7.25,14.7
157,Kodiak,1,US,1548938100,49,39.95,-94.76,3.92,11.41
158,Butaritari,100,KI,1548938895,100,3.07,172.79,83.93,6.64
159,KALAS,88,PK,1548938895,100,33.49,72.96,47.66,2.84
160,Bardsir,0,IR,1548937800,6,29.93,56.57,64.4,4.7
161,Kenai,90,US,1548938340,100,60.55,-151.26,30.02,2.39
162,Kalawit,80,PH,1548938895,76,7.91,122.53,79.83,5.97
163,Taoudenni,0,ML,1548938896,27,22.68,-3.98,78.03,4.63
164,East London,90,ZA,1548936000,94,-33.02,27.91,68.0,11.41
165,Sao Joao da Barra,0,BR,1548936000,58,-21.64,-41.05,86.0,9.17
166,Poum,75,MK,1548937800,80,41.28,20.71,39.2,14.99
167,Cherskiy,48,RU,1548938896,40,68.75,161.3,-25.74,5.3
168,Guerrero Negro,36,MX,1548938897,100,27.97,-114.04,52.61,4.18
169,Bandarbeyla,0,SO,1548938897,100,9.49,50.81,77.54,18.05
170,Morwell,0,AU,1548938897,57,-38.24,146.4,57.11,3.62
171,Leningradskiy,32,RU,1548938897,79,69.38,178.42,-3.83,20.62
172,Norman Wells,75,CA,1548936000,70,65.28,-126.83,-4.01,13.87
173,Tiradentes,0,BR,1548938897,44,-18.95,-49.46,89.19,4.63
174,Trelew,0,AR,1548938897,37,-43.25,-65.31,61.38,6.42
175,Rio Grande,90,BR,1548936000,88,-32.03,-52.1,77.0,4.7
176,Esperance,20,TT,1548936000,78,10.24,-61.45,77.0,8.05
177,Yellowknife,90,CA,1548936000,76,62.45,-114.38,-7.61,3.36
178,Georgetown,75,GY,1548936000,78,6.8,-58.16,80.6,11.41
179,Ercis,40,TR,1548935400,64,39.03,43.36,35.6,4.7
180,Vostok,36,RU,1548938899,58,46.45,135.83,-2.79,6.76
181,Laguna,0,MX,1548938899,68,27.52,-110.01,52.43,5.19
182,Zhezkazgan,68,KZ,1548936000,85,47.8,67.71,10.4,13.42
183,Byron Bay,0,AU,1548936000,88,-28.65,153.62,77.0,9.17
184,Erenhot,0,CN,1548938899,23,43.65,111.97,11.88,18.28
185,Mana,90,RS,1548937800,93,43.52,20.24,37.4,1.12
186,Makakilo City,40,US,1548938400,82,21.35,-158.09,73.04,19.46
187,Cochrane,75,CL,1548936000,75,-47.25,-72.57,44.6,2.39
188,Verkhnyaya Inta,0,RU,1548938900,27,65.99,60.32,-18.81,5.75
189,Mangan,76,IN,1548938900,69,27.5,88.54,27.14,1.16
190,Broome,75,GB,1548937800,100,52.47,1.45,36.68,1.12
191,Juruti,24,BR,1548938900,84,-2.16,-56.09,80.73,2.95
192,Flin Flon,75,CA,1548936000,61,54.77,-101.88,-18.41,6.93
193,Bakchar,12,RU,1548938901,82,57.02,82.07,-18.77,5.86
194,Yulara,0,AU,1548936000,18,-25.24,130.99,93.2,12.75
195,Serra Talhada,0,BR,1548938901,58,-7.99,-38.29,79.74,8.66
196,Plettenberg Bay,12,ZA,1548938901,97,-34.05,23.37,70.07,8.99
197,Victoria,75,BN,1548936000,88,5.28,115.24,80.6,6.93
198,Chapais,40,CA,1548936480,75,49.78,-74.86,-18.41,10.29
199,Puerto Colombia,20,CO,1548936000,78,10.99,-74.96,77.0,5.82
200,Port Hedland,92,AU,1548936000,83,-20.31,118.58,84.2,14.99
201,Fare,92,PF,1548938902,95,-16.7,-151.02,83.93,20.4
202,Richards Bay,12,ZA,1548938902,54,-28.77,32.06,90.41,9.66
203,Eskisehir,75,TR,1548935400,53,39.78,30.52,50.0,9.17
204,Talalayivka,56,UA,1548938903,98,50.96,31.92,33.93,11.79
205,Jinxiang,48,CN,1548938903,77,35.07,116.31,28.98,5.75
206,Quesnel,90,CA,1548937020,95,52.98,-122.49,32.0,9.17
207,Nacala,75,MZ,1548936000,62,-14.56,40.69,87.8,10.29
208,Acajutla,0,SV,1548938756,82,13.59,-89.83,63.63,3.62
209,Cap Malheureux,75,MU,1548936000,66,-19.98,57.61,84.2,12.75
210,Gashua,0,NG,1548938903,22,12.87,11.04,86.9,10.0
211,San Cristobal,90,EC,1548936000,93,-0.39,-78.55,57.2,2.24
212,Bom Jesus,0,BR,1548938904,43,-9.08,-44.36,87.71,8.66
213,Lavrentiya,0,RU,1548938904,78,65.58,-170.99,11.39,19.28
214,Ouadda,0,CF,1548938905,30,8.07,22.4,95.54,11.68
215,Coquimbo,90,CL,1548936000,93,-29.95,-71.34,60.8,3.36
216,Bafang,24,CM,1548938905,100,5.16,10.18,72.5,3.18
217,Teya,5,MX,1548935100,93,21.05,-89.07,64.4,4.7
218,Qeshm,20,IR,1548937800,69,26.96,56.27,75.2,16.11
219,Amalfi,0,CO,1548938905,98,6.91,-75.07,65.93,1.39
220,Chipinge,0,ZW,1548938905,48,-20.19,32.62,87.39,5.08
221,Faanui,76,PF,1548938906,100,-16.48,-151.75,83.43,19.62
222,Male,64,UA,1548938906,97,50.74,33.7,33.39,11.79
223,Pisco,75,PE,1548936000,30,-13.71,-76.2,71.6,2.24
224,Iskateley,0,RU,1548938906,35,67.68,53.15,-23.22,12.68
225,Opuwo,12,NA,1548938906,22,-18.06,13.84,95.49,6.64
226,Abalak,0,NE,1548938906,19,15.46,6.28,85.55,13.8
227,Maceio,75,BR,1548936000,83,-9.67,-35.74,78.8,5.75
228,San Patricio,12,PY,1548938907,68,-26.98,-56.83,86.54,3.85
229,Abu Zabad,0,SD,1548938907,47,12.35,29.25,83.93,13.69
230,Tres Arroyos,0,AR,1548938907,93,-38.38,-60.28,64.31,7.09
231,Jurm,56,AF,1548938907,91,36.86,70.83,21.83,0.6
232,Niteroi,20,BR,1548936000,70,-29.95,-51.16,87.8,4.7
233,Rome,40,IT,1548937200,66,41.89,12.48,53.6,9.17
234,Sisimiut,0,GL,1548938907,100,66.94,-53.67,-14.18,3.18
235,Cockburn Town,0,TC,1548938908,100,21.46,-71.14,77.18,13.24
236,Airai,44,TL,1548938908,87,-8.93,125.41,72.09,0.72
237,La Grande,1,US,1548935760,74,45.32,-118.09,26.06,2.62
238,Atar,0,MR,1548936000,33,20.52,-13.05,71.6,11.41
239,Arraial do Cabo,0,BR,1548936000,74,-22.97,-42.02,84.2,11.41
240,Praia da Vitoria,75,PT,1548936000,77,38.73,-27.07,64.4,27.89
241,Oranjemund,20,ZA,1548938908,90,-28.55,16.43,63.63,17.72
242,Kaduqli,0,SD,1548938909,61,11.01,29.72,84.56,11.45
243,Licheng,20,CN,1548938909,81,24.5,110.4,52.97,6.08
244,Trat,32,TH,1548938909,100,12.25,102.51,79.25,5.3
245,Namatanai,80,PG,1548938909,100,-3.66,152.44,82.98,14.03
246,Nouadhibou,0,MR,1548936000,56,20.93,-17.03,68.0,19.46
247,Irricana,20,CA,1548936000,73,51.32,-113.6,26.6,5.82
248,Ilulissat,20,GL,1548935400,65,69.22,-51.1,3.2,8.05
249,Pyapon,0,MM,1548938910,65,16.29,95.68,81.54,4.07
250,Tonkino,92,RU,1548938910,93,57.37,46.46,26.64,6.31
251,Kudahuvadhoo,0,MV,1548938910,99,2.67,72.89,82.44,18.72
252,Chengzihe,0,CN,1548938910,38,45.35,131.0,6.93,10.11
253,Okha,80,RU,1548938910,87,53.59,142.95,13.37,19.06
254,Port Blair,8,IN,1548938910,100,11.67,92.75,82.53,13.91
255,Jutai,76,BR,1548938911,96,-1.71,-47.89,77.9,3.4
256,Santa Fe,80,AR,1548938792,99,-31.62,-60.7,74.75,7.99
257,Casablanca,75,MA,1548936000,67,33.6,-7.62,60.8,13.87
258,Seabrook,1,US,1548937380,31,38.97,-76.84,12.2,3.36
259,Sabang,0,PH,1548938912,92,13.72,123.58,74.34,8.99
260,Longyearbyen,75,NO,1548937200,74,78.22,15.63,30.2,13.87
261,Vestmannaeyjar,0,IS,1548936000,68,63.44,-20.27,26.6,8.05
262,Clyde River,1,CA,1548936000,82,70.47,-68.59,-20.21,2.24
263,Touros,75,BR,1548936000,66,-5.2,-35.46,86.0,11.41
264,Raleigh,1,US,1548936900,53,35.78,-78.64,23.9,5.82
265,Usak,75,TR,1548935400,61,38.67,29.41,48.2,14.99
266,Sangar,8,RU,1548938913,0,63.92,127.47,-41.09,1.83
267,Scarborough,24,GB,1548935400,80,54.28,-0.41,33.8,2.24
268,Ancud,75,CL,1548936000,87,-41.87,-73.83,50.0,3.36
269,Iqaluit,75,CA,1548936000,75,63.75,-68.52,-14.81,13.87
270,Lata,92,IN,1548938913,100,30.78,78.62,36.18,1.72
271,Coihaique,75,CL,1548936000,71,-45.58,-72.07,51.8,8.05
272,Tazovskiy,0,RU,1548938914,0,67.47,78.7,-50.63,3.18
273,Ajaccio,92,FR,1548937800,81,41.93,8.74,55.4,4.7
274,Ribeira Grande,75,PT,1548936000,77,38.52,-28.7,62.6,18.34
275,Tateyama,90,JP,1548937440,100,36.66,137.31,32.0,8.05
276,Hami,0,CN,1548938914,55,42.84,93.51,5.54,3.06
277,Orange,56,AU,1548938915,71,-33.28,149.1,76.1,3.4
278,Mananjary,92,MG,1548938915,83,-19.16,46.8,69.71,2.62
279,Ayorou,0,NE,1548938915,16,14.73,0.92,90.5,11.01
280,Jieshi,76,CN,1548938915,87,22.82,115.83,67.64,5.19
281,Muros,90,ES,1548937200,100,42.77,-9.06,53.6,11.41
282,Lamu,48,ID,1548938915,96,0.57,122.3,76.1,2.51
283,Xuanhua,0,CN,1548938915,15,40.61,115.04,14.72,8.55
284,Luderitz,0,NA,1548938916,76,-26.65,15.16,68.49,20.4
285,Goderich,32,CA,1548938916,100,43.74,-81.71,2.79,20.51
286,Dakar,0,SN,1548936000,73,14.69,-17.45,80.6,13.87
287,Inhambane,75,MZ,1548936000,70,-23.87,35.38,87.8,11.41
288,Castro,75,CL,1548936000,87,-42.48,-73.76,50.0,3.36
289,Cabedelo,75,BR,1548936000,74,-6.97,-34.84,82.4,9.17
290,Barranquilla,20,CO,1548936000,78,10.98,-74.8,77.0,5.82
291,Arzamas,76,RU,1548938917,92,55.4,43.84,24.93,9.78
292,Galle,90,US,1548936840,86,29.74,-97.91,48.2,5.82
293,Vila Velha,75,BR,1548936000,74,-3.71,-38.6,86.0,12.75
294,Summerville,1,US,1548938100,92,33.02,-80.17,30.2,3.96
295,Caraballeda,40,VE,1548936000,74,10.61,-66.85,80.6,1.12
296,Lebyazhye,24,RU,1548937800,86,59.96,29.42,26.6,4.47
297,Camocim,92,BR,1548938917,80,-2.9,-40.84,81.23,5.3
298,Sabha,0,LY,1548938918,33,27.03,14.43,74.39,8.99
299,Torbay,90,CA,1548936000,100,47.66,-52.73,33.8,12.75
300,Krasnotorka,24,UA,1548938918,95,48.68,37.52,34.56,11.79
301,Umm Lajj,0,SA,1548938918,65,25.02,37.27,75.65,12.46
302,Saint-Augustin,92,FR,1548936000,100,44.83,-0.61,53.6,19.46
303,Neuquen,0,AR,1548936000,37,-38.95,-68.06,66.2,4.7
304,Brigantine,1,US,1548935760,42,39.41,-74.36,10.94,8.05
305,Batagay,0,RU,1548938919,0,67.65,134.64,-63.59,2.95
306,Severo-Kurilsk,80,RU,1548938919,100,50.68,156.12,29.21,7.87
307,Canico,75,PT,1548936000,63,32.63,-16.85,64.4,6.93
308,Denpasar,20,ID,1548936000,83,-8.65,115.22,82.4,6.93
309,Manggar,8,ID,1548938919,99,-2.88,108.27,77.54,4.63
310,Timra,90,SE,1548937200,78,62.49,17.33,12.2,2.24
311,Yerbogachen,12,RU,1548938920,0,61.28,108.01,-35.01,5.53
312,Alyangula,40,AU,1548936000,89,-13.85,136.42,84.2,5.82
313,Ahuimanu,40,US,1548938400,82,21.44,-157.84,73.04,19.46
314,Westport,75,IE,1548937800,100,53.8,-9.52,32.0,25.28
315,Aklavik,75,CA,1548936000,69,68.22,-135.01,-7.61,8.05
316,Codrington,0,AU,1548936000,73,-28.95,153.24,75.2,10.29
317,Kolpashevo,12,RU,1548938920,39,58.31,82.9,-25.16,9.66
318,Mombetsu,36,JP,1548938921,100,44.35,143.35,21.38,19.62
319,Fairbanks,1,US,1548935880,72,64.84,-147.72,1.4,3.36
320,Humaita,40,AR,1548936000,94,-24.93,-65.37,73.4,2.73
321,Aylmer,5,CA,1548936000,69,42.77,-80.98,-11.21,10.29
322,Karatau,0,KZ,1548938922,76,43.18,70.46,33.71,14.47
323,Bolobo,8,CD,1548938922,66,-2.17,16.23,87.8,2.73
324,Aransas Pass,90,US,1548938100,90,27.91,-97.15,60.44,5.82
325,Auki,0,NG,1548938922,23,12.18,6.51,88.88,12.35
326,San Juan,75,PR,1548935760,90,18.47,-66.12,75.02,5.82
327,Abrau-Dyurso,0,RU,1548937800,44,44.7,37.6,59.0,15.66
328,Tabora,20,TZ,1548936000,48,-5.02,32.81,86.0,5.82
329,North Druid Hills,75,US,1548936900,77,33.82,-84.31,28.4,2.51
330,Mier,0,IT,1548937200,49,46.13,12.19,46.4,4.7
331,Geraldton,75,CA,1548936000,60,49.72,-86.95,-27.41,5.82
332,Ostersund,0,SE,1548937200,77,63.18,14.64,-2.21,3.36
333,Mayo,5,CA,1548936000,58,63.59,-135.9,-4.01,2.24
334,Kiomboi,20,TZ,1548938925,34,-4.28,34.41,91.58,4.63
335,Petropavlovsk-Kamchatskiy,40,RU,1548936000,94,53.05,158.65,32.0,17.9
336,Maltahohe,0,NA,1548938925,14,-24.83,16.98,94.59,3.74
337,Vyazemskiy,8,RU,1548938926,42,47.53,134.76,-0.05,7.31
338,Avarua,20,CK,1548936000,88,-21.21,-159.78,80.6,11.41
339,Mahebourg,75,MU,1548936000,66,-20.41,57.7,84.2,12.75
340,Brae,40,GB,1548937200,86,60.4,-1.35,39.2,16.11
341,Yaan,0,NG,1548938926,29,7.38,8.57,92.88,13.69
342,Constantine,75,DZ,1548936000,66,36.36,6.61,55.4,11.41
343,Kualakapuas,20,ID,1548938926,77,-3.01,114.39,81.63,4.85
344,Mehamn,40,NO,1548935400,79,71.03,27.85,21.2,8.05
345,Egvekinot,48,RU,1548938927,30,66.32,-179.17,-21.56,2.95
346,Naze,75,NG,1548936000,70,5.43,7.07,87.8,5.82
347,Tabuk,88,PH,1548938927,95,17.41,121.44,66.96,1.72
348,Sinnamary,88,GF,1548938927,100,5.38,-52.96,75.92,10.22
349,Lompoc,90,US,1548937200,93,34.64,-120.46,57.92,8.05
350,Miandrivazo,64,MG,1548938927,43,-19.53,45.46,90.18,8.43
351,Dangara,0,NG,1548938928,21,11.43,7.3,87.21,12.46
352,Saint-Pierre,75,FR,1548936000,86,48.95,4.24,37.4,9.17
353,Bom Jesus da Lapa,0,BR,1548938928,61,-13.25,-43.41,82.89,9.78
354,Bria,20,CF,1548938928,38,6.54,21.99,94.01,8.21
355,Rio Gallegos,75,AR,1548936000,87,-51.62,-69.22,46.4,5.82
356,Fortuna,20,ES,1548936000,45,38.18,-1.13,68.0,16.11
357,Saint Cloud,1,US,1548938160,59,45.56,-94.16,-25.61,3.18
358,Xuddur,0,SO,1548938929,26,4.12,43.89,93.2,12.24
359,Ingraj Bazar,0,IN,1548938929,66,25.0,88.15,68.58,2.95
360,Saint-Leu,0,RE,1548937800,55,-21.15,55.28,86.0,25.28
361,Salto del Guaira,92,PY,1548938929,78,-24.06,-54.31,77.58,4.52
362,Chicama,75,PE,1548936000,78,-7.84,-79.15,75.2,3.36
363,Chuy,88,UY,1548938930,95,-33.69,-53.46,75.29,9.44
364,Raymond,1,US,1548935760,41,43.04,-71.18,1.94,6.93
365,Ogembo,24,KE,1548938930,35,-0.8,34.73,83.88,5.08
366,Xichang,0,CN,1548938930,26,27.88,102.25,52.79,2.84
367,Nyaunglebin,0,MM,1548938930,61,17.95,96.73,78.48,3.96
368,Ibra,0,OM,1548938930,39,22.69,58.55,80.15,2.73
369,Youghal,75,IE,1548937800,87,51.95,-7.85,42.8,9.17
370,Suez,12,EG,1548938931,20,29.97,32.54,68.58,7.87
371,Gillette,1,US,1548935580,60,44.29,-105.5,28.04,9.17
372,Takoradi,24,GH,1548938931,95,4.89,-1.75,83.03,5.86
373,Dandong,0,CN,1548938931,30,40.12,124.37,13.28,5.86
374,Kuybysheve,36,UA,1548938931,86,47.36,36.65,41.63,15.48
375,Tiszabercel,20,HU,1548937800,98,48.16,21.65,37.4,2.24
376,Talara,68,PE,1548938932,91,-4.58,-81.27,72.63,3.06
377,Yenagoa,8,NG,1548938932,92,4.92,6.26,85.64,4.29
378,Lucea,20,JM,1548936000,83,18.44,-78.17,75.2,4.7
379,Gizo,0,IL,1548937200,35,31.8,34.94,66.2,10.29
380,Adrar,0,DZ,1548936000,11,27.87,-0.29,77.0,14.99
381,Sonoita,1,US,1548935880,64,31.68,-110.66,50.0,8.05
382,Antalaha,8,MG,1548938933,78,-14.9,50.28,85.01,14.92
383,Mondlo,0,ZA,1548938933,69,-27.96,30.72,80.33,4.97
384,Lyantonde,0,UG,1548938933,69,-0.41,31.15,82.53,4.18
385,San Jeronimo,90,PE,1548936000,93,-13.65,-73.37,46.4,2.24
386,Alice Springs,90,AU,1548936000,35,-23.7,133.88,89.6,16.11
387,Bullhead City,90,US,1548937800,37,35.15,-114.57,53.6,4.7
388,Zhigansk,0,RU,1548938934,0,66.77,123.37,-50.04,3.62
389,Oranjestad,20,AW,1548936000,73,12.52,-70.03,77.0,13.87
390,Tomatlan,0,MX,1548938934,77,19.93,-105.25,55.13,3.62
391,Susanville,1,US,1548938100,82,40.42,-120.65,32.0,3.36
392,Vestmanna,64,FO,1548937200,100,62.16,-7.17,32.0,11.41
393,Mount Isa,75,AU,1548936000,100,-20.73,139.49,75.2,5.82
394,Prainha,76,BR,1548938934,78,-1.8,-53.48,81.5,5.19
395,San Ramon,75,NI,1548936000,88,12.92,-85.84,64.4,4.7
396,Black Forest,0,AU,1548936000,55,-34.96,138.58,62.6,13.87
397,Sao Filipe,20,CV,1548938935,93,14.9,-24.5,72.41,14.7
398,Kalachinsk,0,RU,1548938935,74,55.05,74.58,-16.74,10.0
399,Trinidad,20,UY,1548938935,91,-33.52,-56.9,74.79,11.12
400,Calama,90,CL,1548936000,87,-22.46,-68.93,57.2,2.39
401,Puerto Escondido,40,MX,1548934860,68,15.86,-97.07,71.6,6.93
402,Vuktyl,76,RU,1548938936,62,63.86,57.31,-7.79,4.74
403,Gat,0,SN,1548936000,26,14.69,-16.54,84.2,2.24
404,Belaya Gora,0,RU,1548938936,0,68.54,146.19,-57.83,2.84
405,Ramanuj Ganj,0,IN,1548938936,56,23.81,83.7,67.1,4.74
406,Nurota,90,UZ,1548937800,87,40.56,65.69,42.8,4.7
407,Talnakh,8,RU,1548938937,0,69.49,88.39,-49.46,1.61
408,Kruisfontein,76,ZA,1548938937,88,-34.0,24.73,70.74,7.31
409,Plouzane,64,FR,1548936000,93,48.38,-4.62,41.0,14.99
410,Shimoda,75,JP,1548936000,100,34.7,138.93,42.8,5.82
411,Tura,0,IN,1548938762,76,25.52,90.21,63.18,3.18
412,Mundargi,0,IN,1548938937,44,15.22,75.9,80.91,5.64
413,Saurimo,40,AO,1548936000,58,-9.66,20.4,82.4,6.93
414,Daru,0,SL,1548938938,50,7.99,-10.85,89.06,5.97
415,Skibbereen,75,IE,1548937800,87,51.55,-9.27,42.8,9.17
416,Porto Novo,0,BR,1548936000,65,-23.68,-45.44,80.6,1.12
417,Sambava,0,MG,1548938938,96,-14.27,50.17,84.69,15.03
418,Ixtapa,75,MX,1548935040,100,20.71,-105.21,66.2,2.62
419,Gimli,24,CA,1548938787,0,50.63,-96.99,-39.29,5.97
420,Volovo,80,RU,1548938939,98,53.55,38.01,27.5,11.34
421,Maningrida,64,AU,1548938939,73,-12.05,134.23,86.45,20.18
422,Oksfjord,0,NO,1548937200,67,70.24,22.35,23.0,19.46
423,Segou,0,SN,1548936000,17,12.41,-12.29,93.2,4.7
424,Martapura,12,ID,1548938939,93,-3.41,114.85,80.33,5.3
425,Hoa Binh,40,VN,1548936000,73,20.81,105.34,73.4,12.75
426,Kirakira,80,SB,1548938939,100,-10.46,161.92,81.95,18.84
427,Klaksvik,24,FO,1548937200,100,62.23,-6.59,32.0,11.41
428,Karratha,68,AU,1548938940,39,-20.74,116.85,94.01,11.45
429,Visegrad,0,BA,1548937800,74,43.78,19.3,37.4,10.29
430,Broken Hill,0,AU,1548936000,25,-31.97,141.45,77.0,12.75
431,Lasa,75,CY,1548936000,72,34.92,32.53,62.6,5.82
432,Ryde,40,GB,1548937200,98,50.73,-1.16,41.0,5.82
433,El Mante,5,MX,1548935100,80,20.61,-103.43,41.0,2.95
434,Camacha,75,PT,1548936000,72,33.08,-16.33,64.4,12.75
435,Grindavik,20,IS,1548937800,73,63.84,-22.43,26.6,12.75
436,Faya,20,SA,1548936000,20,18.39,42.45,82.4,16.11
437,Dunedin,48,NZ,1548938941,37,-45.87,170.5,72.59,12.68
438,Neiafu,20,TO,1548936000,94,-18.65,-173.98,73.4,9.66
439,Novokayakent,75,RU,1548937800,81,42.39,47.99,46.4,8.95
440,Baruun-Urt,0,MN,1548938942,37,46.68,113.28,9.68,15.48
441,Matara,90,PE,1548936000,93,-13.74,-72.9,46.4,2.24
442,Nagato,75,JP,1548936000,93,34.35,131.14,44.6,3.36
443,Ahipara,0,NZ,1548938942,100,-35.17,173.16,63.23,4.18
444,Vitim,44,RU,1548938942,77,59.44,112.57,-18.5,3.06
445,San Sebastian,36,PH,1548938943,89,11.71,125.02,74.66,10.22
446,Swan River,76,CA,1548938943,31,52.11,-101.27,-22.55,2.84
447,Henties Bay,0,NA,1548938943,91,-22.12,14.28,68.63,9.78
448,Chisec,12,GT,1548938943,94,15.81,-90.29,52.07,1.83
449,Sioux Lookout,5,CA,1548936000,65,50.1,-91.92,-36.41,2.24
450,San Policarpo,68,PH,1548938943,93,12.18,125.51,76.68,12.01
451,Palia Kalan,76,IN,1548938944,68,28.45,80.58,61.34,6.31
452,Nan,20,TH,1548936000,69,18.78,100.78,73.4,2.24
453,Zyryanovsk,88,KZ,1548938944,75,49.74,84.27,5.81,2.17
454,Ilhabela,12,BR,1548938887,94,-23.78,-45.36,82.13,1.83
455,Lafiagi,0,NG,1548938944,48,8.85,5.42,91.94,3.85
456,Belyy Yar,40,RU,1548937800,65,53.6,91.39,5.0,15.66
457,Loreto,0,PY,1548938945,63,-23.27,-57.32,87.08,5.97
458,Port-Cartier,20,CA,1548936000,65,50.03,-66.88,3.2,11.41
459,Sakata,75,JP,1548936000,59,38.92,139.93,33.8,12.75
460,Trairi,0,BR,1548938945,100,-3.28,-39.27,81.05,13.69
461,Lundamo,0,NO,1548937200,59,63.15,10.29,33.8,12.75
462,Pechora,68,RU,1548938945,58,65.12,57.16,-11.79,5.64
463,Vanavara,12,RU,1548938945,0,60.35,102.28,-30.06,6.76
464,Bielsko-Biala,20,PL,1548937800,51,49.82,19.05,39.2,1.12
465,Flinders,75,AU,1548936000,100,-34.58,150.85,62.6,11.41
466,Pascagoula,1,US,1548936900,88,30.37,-88.56,42.08,5.41
467,Beryslav,32,UA,1548938946,80,46.84,33.42,47.3,9.66
468,Ruteng,56,ID,1548938946,92,-8.61,120.46,75.47,4.07
469,Mnogovershinnyy,44,RU,1548938946,78,53.94,139.92,4.01,5.41
470,Nakasongola,0,UG,1548938947,46,1.32,32.46,88.56,9.44
471,Wamba,8,CD,1548938947,81,2.14,27.99,79.61,2.39
472,Narasapur,0,IN,1548938947,97,16.45,81.67,77.94,12.35
473,Adolfo Lopez Mateos,0,MX,1548938947,69,26.8,-109.39,51.98,3.85
474,Kondinskoye,64,RU,1548938947,28,59.65,67.41,-18.72,3.85
475,Vila,75,IT,1548937200,100,45.18,8.4,41.0,1.12
476,Porto Nacional,40,BR,1548936000,74,-10.7,-48.41,84.2,3.36
477,Kieta,56,PG,1548938948,100,-6.22,155.63,77.72,4.41
478,Ekibastuz,92,KZ,1548938948,81,51.72,75.32,3.51,14.81
479,Bad Harzburg,0,DE,1548937200,60,51.88,10.56,39.2,5.82
480,Sola,40,FI,1548937200,85,62.78,29.36,12.2,1.12
481,Taywarah,0,AF,1548938948,69,33.35,64.42,33.84,2.17
482,Manokwari,68,ID,1548938948,100,-0.87,134.08,81.68,18.28
483,Havre-Saint-Pierre,90,CA,1548936240,66,50.23,-63.6,14.0,26.4
484,Honningsvag,40,NO,1548935400,79,70.98,25.97,21.2,8.05
485,Beisfjord,0,NO,1548935400,61,68.38,17.6,17.6,16.11
486,Lazaro Cardenas,40,MX,1548934800,48,28.39,-105.62,41.0,6.93
487,Wanning,0,AT,1548937200,69,48.64,13.53,35.6,10.29
488,La Ronge,90,CA,1548936000,76,55.1,-105.3,-9.41,6.93
489,High Rock,75,BS,1548936000,88,26.63,-78.28,64.4,16.11
490,Marieville,75,CA,1548938100,57,45.43,-73.16,3.2,9.17
491,Rio Brilhante,0,BR,1548938950,56,-21.8,-54.54,87.35,4.41
492,Kamuli,0,UG,1548938950,54,0.94,33.12,88.16,5.19
493,Pechenga,92,RU,1548938950,95,58.89,41.46,26.64,5.75
494,Copiapo,0,CL,1548936000,68,-27.37,-70.33,68.0,2.39
495,Usogorsk,88,RU,1548938950,85,63.43,48.71,15.35,2.62
496,Guaruja,20,BR,1548936000,66,-23.99,-46.26,86.0,3.36
497,Longonjo,75,AO,1548936000,65,-12.91,15.25,77.0,1.5
498,Palmer,0,AU,1548936000,55,-34.85,139.16,62.6,13.87
499,Manikpur,36,IN,1548938951,44,25.07,81.1,69.66,6.98
500,Saldanha,92,PT,1548938951,97,41.42,-6.55,51.03,15.59
501,Cascais,75,PT,1548936000,87,38.7,-9.42,59.0,11.41
502,Aquiraz,75,BR,1548936000,74,-3.9,-38.39,86.0,12.75
503,Victor Harbor,0,AU,1548936000,55,-35.55,138.62,62.6,13.87
504,Bonfim,0,BR,1548936000,45,-20.33,-44.24,82.4,4.7
505,Dunmore East,75,IE,1548936000,93,52.15,-6.99,41.0,27.51
506,Ndjole,48,GA,1548938952,84,-0.18,10.76,84.74,3.85
507,Yumen,0,CN,1548938953,65,40.29,97.04,-0.59,6.2
508,Silver City,40,US,1548938100,71,32.77,-108.28,32.18,11.41
509,Alta,75,NO,1548937200,66,69.97,23.27,12.2,24.16
510,Boksitogorsk,88,RU,1548938953,93,59.47,33.85,29.61,3.29
511,Charters Towers,92,AU,1548938953,98,-20.07,146.27,72.95,10.0
512,Raghogarh,76,IN,1548938953,29,24.45,77.19,74.03,5.41
513,Mae Sot,0,MM,1548938954,49,16.71,98.57,80.64,3.62
514,Sao Miguel,56,BR,1548938954,96,4.52,-61.01,66.33,3.74
515,Angoche,0,MZ,1548938954,100,-16.23,39.91,83.61,10.11
516,Toamasina,20,MG,1548936000,62,-18.17,49.38,87.8,17.22
517,Benguela,68,AO,1548938954,94,-12.58,13.4,81.36,9.22
518,Nemuro,0,JP,1548938954,100,43.32,145.57,25.43,21.63
519,Valverde del Camino,88,ES,1548938954,96,37.57,-6.75,53.96,11.23
520,Banda Aceh,76,ID,1548938955,99,5.56,95.32,75.83,2.39
521,Shakawe,8,BW,1548938955,30,-18.36,21.84,93.69,14.36
522,Ambon,90,FR,1548936000,100,47.55,-2.56,41.0,14.99
523,Hidalgotitlan,40,MX,1548935160,83,17.78,-94.63,69.8,3.29
524,Esfahan,0,IR,1548937800,24,32.66,51.68,59.0,0.38
525,Sidi Ali,100,DZ,1548938955,88,36.1,0.42,57.06,16.37
526,Watsa,12,CD,1548938955,46,3.04,29.53,88.83,4.18
527,Beyneu,44,KZ,1548938956,83,45.32,55.19,25.11,9.44
528,Talbahat,56,IN,1548938956,45,25.05,78.43,70.16,4.97
529,North Bend,1,US,1548935760,96,43.41,-124.22,39.92,9.17
530,Shingu,100,JP,1548938956,100,33.72,135.99,51.39,16.26
531,Omboue,0,GA,1548938956,100,-1.57,9.26,80.19,7.76
532,Zhireken,56,RU,1548938956,69,52.82,117.29,-7.34,2.62
533,Katsuura,75,JP,1548937440,100,33.93,134.5,41.0,5.82
534,Kiama,75,AU,1548936000,100,-34.67,150.86,62.6,11.41
535,Poya,24,NC,1548938957,100,-21.35,165.16,77.18,15.37
536,Innisfail,75,CA,1548936000,85,52.02,-113.95,15.8,8.05
537,Hamilton,75,BM,1548935700,72,32.3,-64.78,66.2,12.75
538,Kayerkan,12,RU,1548938957,0,69.35,87.76,-50.67,2.39
539,Marsh Harbour,76,BS,1548938958,100,26.54,-77.06,69.89,13.35
540,Mehran,0,IR,1548937800,54,33.12,46.17,53.6,6.93
541,Augusto Correa,36,BR,1548938958,84,-1.02,-46.63,82.85,6.64
542,Cururupu,92,BR,1548938958,91,-1.82,-44.87,79.79,5.53
543,Gualeguay,56,AR,1548938958,92,-33.15,-59.31,77.9,7.2
544,Ola,12,RU,1548938958,100,59.58,151.3,4.19,18.84
545,Gumdag,20,TM,1548938959,97,39.2,54.59,45.18,14.58
546,Half Moon Bay,90,US,1548938100,93,37.46,-122.43,53.96,4.7
547,Walvis Bay,0,NA,1548936000,60,-22.95,14.51,71.6,10.29
548,Olga,90,US,1548938100,77,34.11,-118.17,60.08,4.7
549,Cangzhou,44,CN,1548938959,47,38.3,116.85,27.09,9.66
550,Uchiza,88,PE,1548938959,100,-8.46,-76.46,67.86,1.16
551,Alofi,0,NU,1548936000,94,-19.06,-169.92,75.2,2.24
552,Dingle,64,PH,1548938960,72,11.0,122.67,78.98,12.24
553,Nouakchott,0,MR,1548936000,15,18.08,-15.98,78.8,13.87
554,Puerto Narino,75,CO,1548936000,100,-3.77,-70.38,77.0,2.24
555,High Prairie,92,CA,1548938897,77,55.43,-116.48,32.9,7.99
556,Nishihara,75,JP,1548938220,96,35.74,139.53,39.2,18.34
557,Pedasi,0,PA,1548938960,93,7.53,-80.03,77.49,18.95
558,Labuhan,32,ID,1548938960,97,-2.54,115.51,74.39,2.17
559,Port Augusta,0,AU,1548936120,64,-32.49,137.76,68.0,19.46
560,Nuuk,20,GL,1548935400,78,64.17,-51.74,12.2,20.8
561,Launceston,0,AU,1548936000,53,-41.43,147.14,50.0,5.82
562,Polis,75,CY,1548936000,72,35.04,32.42,59.0,5.82
563,Puri,40,ID,1548936000,100,-7.54,112.45,75.2,8.05
564,Churapcha,56,RU,1548938961,0,62.0,132.43,-38.16,2.73
565,Raudeberg,75,NO,1548937200,44,61.99,5.14,39.2,17.22
566,Samarai,80,PG,1548938962,100,-10.62,150.67,78.8,6.98
